<!DOCTYPE hibernate-configuration PUBLIC
        "-//Hibernate/Hibernate Configuration DTD 3.0//EN"
        "http://hibernate.sourceforge.net/hibernate-configuration-3.0.dtd">
<hibernate-configuration>
    <session-factory>
        <property name="connection.driver_class">org.postgresql.Driver</property>
        <property name="connection.url">jdbc:postgresql://127.0.0.1/postgres</property>
        <property name="connection.username ">postgres</property>
        <property name="connection.password">1111</property>
        <property name="connection.pool_size">1</property>
        <property name= "cache.provider_class">
            org.hibernate.cache.NoCacheProvider
        </property>
        <property name="dialect">org.hibernate.dialect.PostgreSQLDialect</property>
        <property name="show_sql">true</property>
        <property name="hbm2ddl.auto">create-drop</property>
        <property name="hibernate.current_session_context_class">org.springframework.orm.hibernate4.SpringSessionContext</property>
    </session-factory>
</hibernate-configuration>